INSERT INTO accounts (client_id, product_id, balance, interest_rate, is_recalc, card_exist, status) VALUES
(1, 1, 1000.00, 1.5, TRUE, TRUE, 'ACTIVE'),
(2, 2, 2000.00, 1.8, TRUE, TRUE, 'ACTIVE'),
(3, 3, 500.00, 0.5, FALSE, FALSE, 'BLOCKED'),
(4, 4, 3000.00, 2.0, TRUE, TRUE, 'ACTIVE'),
(5, 5, 1500.00, 1.2, TRUE, FALSE, 'CLOSED'),
(6, 6, 2200.00, 1.7, TRUE, TRUE, 'ACTIVE'),
(7, 7, 800.00, 0.8, FALSE, FALSE, 'BLOCKED'),
(8, 8, 1700.00, 1.1, TRUE, TRUE, 'ACTIVE'),
(9, 9, 1200.00, 1.0, FALSE, FALSE, 'CLOSED'),
(10, 10, 2500.00, 2.2, TRUE, TRUE, 'ACTIVE'),
(11, 11, 900.00, 0.9, FALSE, FALSE, 'BLOCKED'),
(12, 12, 3000.00, 1.5, TRUE, TRUE, 'ACTIVE'),
(13, 13, 1800.00, 1.3, TRUE, TRUE, 'CLOSED'),
(14, 14, 600.00, 0.6, FALSE, FALSE, 'ACTIVE'),
(15, 15, 2000.00, 1.9, TRUE, TRUE, 'ACTIVE'),
(16, 16, 1100.00, 1.0, FALSE, FALSE, 'BLOCKED'),
(17, 17, 1300.00, 1.2, TRUE, TRUE, 'ACTIVE'),
(18, 18, 1400.00, 1.1, FALSE, FALSE, 'CLOSED'),
(19, 19, 1600.00, 1.4, TRUE, TRUE, 'ACTIVE'),
(20, 20, 1900.00, 1.6, TRUE, TRUE, 'ACTIVE'),
(21, 21, 800.00, 0.7, FALSE, FALSE, 'BLOCKED'),
(22, 22, 2200.00, 1.8, TRUE, TRUE, 'ACTIVE'),
(23, 23, 1700.00, 1.3, TRUE, TRUE, 'CLOSED'),
(24, 24, 900.00, 0.9, FALSE, FALSE, 'ACTIVE'),
(25, 25, 1500.00, 1.2, TRUE, TRUE, 'ACTIVE'),
(26, 26, 2000.00, 1.5, TRUE, TRUE, 'ACTIVE'),
(27, 27, 1200.00, 1.0, FALSE, FALSE, 'BLOCKED'),
(28, 28, 1800.00, 1.3, TRUE, TRUE, 'ACTIVE'),
(29, 29, 1400.00, 1.1, FALSE, FALSE, 'CLOSED'),
(30, 30, 2100.00, 1.7, TRUE, TRUE, 'ACTIVE');


INSERT INTO cards (account_id, card_id, payment_system, status) VALUES
(1, 'CARD10001', 'VISA', 'ACTIVE'),
(2, 'CARD10002', 'MASTERCARD', 'ACTIVE'),
(4, 'CARD10003', 'MIR', 'BLOCKED'),
(5, 'CARD10004', 'AMEX', 'ACTIVE'),
(6, 'CARD10005', 'VISA', 'ACTIVE'),
(8, 'CARD10006', 'MASTERCARD', 'ACTIVE'),
(10, 'CARD10007', 'MIR', 'ACTIVE'),
(12, 'CARD10008', 'AMEX', 'ACTIVE'),
(13, 'CARD10009', 'VISA', 'BLOCKED'),
(15, 'CARD10010', 'MASTERCARD', 'ACTIVE'),
(17, 'CARD10011', 'MIR', 'ACTIVE'),
(19, 'CARD10012', 'AMEX', 'ACTIVE'),
(20, 'CARD10013', 'VISA', 'ACTIVE'),
(22, 'CARD10014', 'MASTERCARD', 'BLOCKED'),
(23, 'CARD10015', 'MIR', 'ACTIVE'),
(25, 'CARD10016', 'AMEX', 'ACTIVE'),
(26, 'CARD10017', 'VISA', 'ACTIVE'),
(28, 'CARD10018', 'MASTERCARD', 'ACTIVE'),
(30, 'CARD10019', 'MIR', 'ACTIVE');


INSERT INTO payments (account_id, payment_date, amount, is_credit, payed_at, type) VALUES
(1, NOW() - INTERVAL '10 days', 150.00, FALSE, NOW() - INTERVAL '9 days', 'PURCHASE'),
(2, NOW() - INTERVAL '9 days', 200.00, TRUE, NOW() - INTERVAL '8 days', 'TRANSFER'),
(3, NOW() - INTERVAL '8 days', 50.00, FALSE, NOW() - INTERVAL '7 days', 'WITHDRAWAL'),
(4, NOW() - INTERVAL '7 days', 300.00, FALSE, NOW() - INTERVAL '6 days', 'PURCHASE'),
(5, NOW() - INTERVAL '6 days', 100.00, TRUE, NOW() - INTERVAL '5 days', 'TRANSFER'),
(6, NOW() - INTERVAL '5 days', 220.00, FALSE, NOW() - INTERVAL '4 days', 'DEPOSIT'),
(7, NOW() - INTERVAL '4 days', 80.00, FALSE, NOW() - INTERVAL '3 days', 'WITHDRAWAL'),
(8, NOW() - INTERVAL '3 days', 170.00, TRUE, NOW() - INTERVAL '2 days', 'TRANSFER'),
(9, NOW() - INTERVAL '2 days', 120.00, FALSE, NOW() - INTERVAL '1 days', 'PURCHASE'),
(10, NOW() - INTERVAL '1 days', 250.00, TRUE, NOW(), 'TRANSFER'),
(11, NOW() - INTERVAL '10 days', 90.00, FALSE, NOW() - INTERVAL '9 days', 'FEE'),
(12, NOW() - INTERVAL '9 days', 300.00, TRUE, NOW() - INTERVAL '8 days', 'DEPOSIT'),
(13, NOW() - INTERVAL '8 days', 180.00, FALSE, NOW() - INTERVAL '7 days', 'WITHDRAWAL'),
(14, NOW() - INTERVAL '7 days', 60.00, FALSE, NOW() - INTERVAL '6 days', 'PURCHASE'),
(15, NOW() - INTERVAL '6 days', 200.00, TRUE, NOW() - INTERVAL '5 days', 'FEE'),
(16, NOW() - INTERVAL '5 days', 110.00, FALSE, NOW() - INTERVAL '4 days', 'INTEREST'),
(17, NOW() - INTERVAL '4 days', 130.00, TRUE, NOW() - INTERVAL '3 days', 'DEPOSIT'),
(18, NOW() - INTERVAL '3 days', 140.00, FALSE, NOW() - INTERVAL '2 days', 'WITHDRAWAL'),
(19, NOW() - INTERVAL '2 days', 160.00, TRUE, NOW() - INTERVAL '1 days', 'PURCHASE'),
(20, NOW() - INTERVAL '1 days', 190.00, FALSE, NOW(), 'FEE'),
(21, NOW() - INTERVAL '10 days', 80.00, FALSE, NOW() - INTERVAL '9 days', 'INTEREST'),
(22, NOW() - INTERVAL '9 days', 220.00, TRUE, NOW() - INTERVAL '8 days', 'DEPOSIT'),
(23, NOW() - INTERVAL '8 days', 170.00, FALSE, NOW() - INTERVAL '7 days', 'WITHDRAWAL'),
(24, NOW() - INTERVAL '7 days', 90.00, TRUE, NOW() - INTERVAL '6 days', 'PURCHASE'),
(25, NOW() - INTERVAL '6 days', 150.00, FALSE, NOW() - INTERVAL '5 days', 'FEE'),
(26, NOW() - INTERVAL '5 days', 200.00, TRUE, NOW() - INTERVAL '4 days', 'INTEREST'),
(27, NOW() - INTERVAL '4 days', 120.00, FALSE, NOW() - INTERVAL '3 days', 'WITHDRAWAL'),
(28, NOW() - INTERVAL '3 days', 180.00, TRUE, NOW() - INTERVAL '2 days', 'DEPOSIT'),
(29, NOW() - INTERVAL '2 days', 140.00, FALSE, NOW() - INTERVAL '1 days', 'PURCHASE'),
(30, NOW() - INTERVAL '1 days', 210.00, TRUE, NOW(), 'FEE');


INSERT INTO transactions (account_id, card_id, type, amount, status, timestamp) VALUES
(1, 1, 'PAYMENT', 150.00, 'ALLOWED', NOW() - INTERVAL '9 days'),
(2, 2, 'TRANSFER', 200.00, 'PROCESSING', NOW() - INTERVAL '8 days'),
(3, NULL, 'PAYMENT', 50.00, 'PROCESSING', NOW() - INTERVAL '7 days'),
(4, 3, 'PAYMENT', 300.00, 'CANCELLED', NOW() - INTERVAL '6 days'),
(5, 4, 'TRANSFER', 100.00, 'ALLOWED', NOW() - INTERVAL '5 days'),
(6, 5, 'PAYMENT', 220.00, 'PROCESSING', NOW() - INTERVAL '4 days'),
(7, NULL, 'PAYMENT', 80.00, 'PROCESSING', NOW() - INTERVAL '3 days'),
(8, 6, 'TRANSFER', 170.00, 'CANCELLED', NOW() - INTERVAL '2 days'),
(9, NULL, 'PAYMENT', 120.00, 'ALLOWED', NOW() - INTERVAL '1 days'),
(10, 7, 'TRANSFER', 250.00, 'PROCESSING', NOW()),
(11, NULL, 'PAYMENT', 90.00, 'PROCESSING', NOW() - INTERVAL '9 days'),
(12, 8, 'TRANSFER', 300.00, 'CANCELLED', NOW() - INTERVAL '8 days'),
(13, NULL, 'PAYMENT', 180.00, 'ALLOWED', NOW() - INTERVAL '7 days'),
(14, NULL, 'PAYMENT', 60.00, 'PROCESSING', NOW() - INTERVAL '6 days'),
(15, 10, 'TRANSFER', 200.00, 'PROCESSING', NOW() - INTERVAL '5 days'),
(16, NULL, 'PAYMENT', 110.00, 'CANCELLED', NOW() - INTERVAL '4 days'),
(17, 11, 'TRANSFER', 130.00, 'ALLOWED', NOW() - INTERVAL '3 days'),
(18, NULL, 'PAYMENT', 140.00, 'PROCESSING', NOW() - INTERVAL '2 days'),
(19, 12, 'TRANSFER', 160.00, 'PROCESSING', NOW() - INTERVAL '1 days'),
(20, 13, 'PAYMENT', 190.00, 'CANCELLED', NOW()),
(21, NULL, 'PAYMENT', 80.00, 'ALLOWED', NOW() - INTERVAL '10 days'),
(22, 14, 'TRANSFER', 220.00, 'PROCESSING', NOW() - INTERVAL '9 days'),
(23, 15, 'PAYMENT', 170.00, 'PROCESSING', NOW() - INTERVAL '8 days'),
(24, NULL, 'TRANSFER', 90.00, 'CANCELLED', NOW() - INTERVAL '7 days'),
(25, 16, 'PAYMENT', 150.00, 'ALLOWED', NOW() - INTERVAL '6 days'),
(26, 17, 'TRANSFER', 200.00, 'PROCESSING', NOW() - INTERVAL '5 days'),
(27, NULL, 'PAYMENT', 120.00, 'PROCESSING', NOW() - INTERVAL '4 days'),
(28, 18, 'TRANSFER', 180.00, 'CANCELLED', NOW() - INTERVAL '3 days'),
(29, NULL, 'PAYMENT', 140.00, 'ALLOWED', NOW() - INTERVAL '2 days'),
(30, 19, 'TRANSFER', 210.00, 'PROCESSING', NOW() - INTERVAL '1 days');

